Comment,Comment Upvote,Time
‡§Ü‡§ú ‡§™‡§π‡§≤‡•Ä ‡§¨‡§æ‡§∞ ‡§∏‡•Å‡§®‡§æ ‡§Ü‡§Ç‡§ñ ‡§∏‡•á ‡§Ü‡§∏‡•Ç ‡§Ü‡§ó‡§Ø‡•á‡•§‡•§‡•§‡•§  ‡§ú‡§Ø ‡§∏‡§ø‡§Ø‡§æ‡§∞‡§æ‡§Æ,,3 weeks ago
"‡§Ø‡§π ‡§≠‡§ú‡§® ‡§∏‡•Å‡§®‡§ï‡§∞ ‡§Æ‡§® ‡§∂‡§æ‡§Ç‡§§ ‡§π‡•ã ‡§ú‡§æ‡§§‡§æ ‡§π‡•à, ‡§ú‡§Ø ‡§∏‡§ø‡§Ø‡§æ‡§∞‡§æ‡§Æ ",814,2 weeks ago
"Im from Bangladesh üáßüá©
and i belong to hindu family..
Watch this video every day..
jey shree ram",,2 weeks ago
"I'm Hindu 
I God love 
Joy shree ram ",343,9 days ago
"I AM PROUD TO BE A
HINDUÔ∏è
JAI SIYA RAM Ô∏è",,3 weeks ago (edited)
Sukoon= Ram Siya Ram ,389,9 days ago
‡§ó‡•Ä‡§§‡§æ ‡§∏‡•á ‡§ú‡•ç‡§û‡§æ‡§® ‡§Æ‡§ø‡§≤‡§æ !!  ‡§∞‡§æ‡§Æ‡§æ‡§Ø‡§£ ‡§∏‡•á ‡§∞‡§æ‡§Æ ‡§Æ‡§ø‡§≤‡•á !! ‡§≠‡§æ‡§ó‡•ç‡§Ø ‡§∏‡•á ‡§π‡§ø‡§Ç‡§¶‡•Ç ‡§ß‡§∞‡•ç‡§Æ ‡§Æ‡§ø‡§≤‡§æ !! ‡§ï‡§ø‡§∏‡•ç‡§Æ‡§§ ‡§∏‡•á ‡§π‡§ø‡§Ç‡§¶‡•Å‡§∏‡•ç‡§§‡§æ‡§® ‡§Æ‡§ø‡§≤‡§æ !!   ‡§ú‡§Ø ‡§∏‡§ø‡§Ø‡§æ‡§∞‡§æ‡§Æ.Ô∏è,,1 year ago (edited)
He deserves more than 1b+ views  bolo Jay shri ram Ô∏è,8,3 weeks ago (edited)
"""Mangal bhavan,amangal hari""-This line gives goosebumps ",,2 weeks ago
"Feeling so blessed and peaceful after listening this bhajan.Truly shows the amazing life value!Jai siyaram!‡§Æ‡§® ‡§ï‡•ã ‡§¨‡§π‡•Å‡§§ ‡§π‡•Ä ‡§∂‡§æ‡§Ç‡§§‡•Ä ‡§Æ‡§ø‡§≤‡§§‡•Ä ‡§π‡•à‡§Ç! ‡§∏‡§§‡•ç‡§Ø, ‡§™‡•ç‡§∞‡•á‡§Æ, ‡§ï‡§∞‡•Ç‡§£‡§æ! ‡§®‡§ø‡§∏‡•ç‡§µ‡§æ‡§∞‡•ç‡§• ‡§≠‡§æ‡§µ ‡§∏‡•á ‡§ñ‡•Å‡§∂‡§ø‡§Ø‡§æ‡§Ç ‡§¨‡§æ‡§Ç‡§ü‡•ã‡§Ç!",622,5 days ago
I am proud to be Hindu Jai Siya Ram and this song  is amazing,,2 weeks ago
"Ô∏èDil ke bitar se awaj aaa rahi hain sirf .
Siyaram siyaram Ô∏èÔ∏èÔ∏è",7,8 days ago
"‡§ï‡§Æ‡•á‡§Ç‡§ü ‡§ï‡§∞‡§ï‡•á ‡§ú‡§æ ‡§∞‡§π‡§æ ‡§π‡•Å , ‡§ú‡§¨ ‡§ú‡§¨ ‡§≤‡§æ‡§á‡§ï ‡§Ü‡§è‡§ó‡§æ ‡§´‡§ø‡§∞ ‡§∏‡•Å‡§®‡§®‡•á ‡§Ü‡§ä‡§Ç‡§ó‡§æ ‡§ö‡§æ‡§π‡•á ‡§â‡§Æ‡•ç‡§∞ ‡§ï‡•á ‡§ï‡§ø‡§∏‡•Ä ‡§≠‡•Ä ‡§™‡•ú‡§æ‡§µ ‡§™‡§∞ ‡§∞‡§π‡•Ç‡§Å‡§ó‡§æ",,1 year ago
‡§≠‡§ú‡§® ‡§∏‡•Å‡§® ‡§ï‡•á  ‡§Æ‡§® ‡§î‡§∞ ‡§Ü‡§§‡•ç‡§Æ‡§æ ‡§ï‡•ã ‡§∂‡§æ‡§Ç‡§§‡§ø  ‡§Æ‡§ø‡§≤‡§§‡•Ä ‡§π‡•à        ,19K,3 weeks ago
Proud to be Hindu Ô∏èÔ∏è,,3 weeks ago
Lyrics by shabbir Ahmed ,407,6 days ago
"Aaj 1st time suna bhut hi jyada a6aa lga Dil Ô∏è m utr gya ye song
Story line best 
Song super se bhi uper Ô∏èJay shree ram ",,2 weeks ago
Daily morning start with this song Ô∏è,272,7 days ago
‡§Æ‡•à‡§Ç ‡§Ö‡§Ø‡•ã‡§ß‡•ç‡§Ø‡§æ ‡§µ‡§æ‡§∏‡•Ä ‡§Ü‡§™ ‡§∏‡§≠‡•Ä ‡§∞‡§æ‡§Æ‡§≠‡§ï‡•ç‡§§‡•ã‡§Ç ‡§ï‡•ã ‡§™‡•ç‡§∞‡§£‡§æ‡§Æ ‡§ï‡§∞‡§§‡§æ ‡§π‡•Ç‡§Å ‡§ú‡§Ø ‡§∂‡•ç‡§∞‡•Ä ‡§∞‡§æ‡§Æ,,1 year ago
"‡§Æ‡•á‡§Ç ‡§§‡•ã ‡§π‡§∞ ‡§∞‡•ã‡§ú ‡§∏‡•Å‡§®‡§§‡§æ ‡§π‡•Ç‡§Ç ‡§Æ‡§® ‡§ï‡•ã ‡§∂‡§æ‡§Ç‡§§‡§ø ‡§Æ‡§ø‡§≤‡§§‡•Ä ‡§π‡•à
‡§ú‡§Ø ‡§∂‡•ç‡§∞‡•Ä ‡§∞‡§æ‡§Æ ",3,2 weeks ago
PROUD TO BE INDIAN üáÆüá≥PROUD TO BE Ô∏èHINDU,,2 weeks ago
"Jai shree ram 
Jai hanuman ji ",92,7 days ago
I am very greatful to almighty god that I born in INDIA and to be the proud of being HINDU. JAI SRI RAM,,2 weeks ago
Sunkar aankho mein aansu aa jaatein hain Ô∏èÔ∏è,3,8 days ago
"It makes me calm
Love this song",,3 weeks ago
‡¶ó‡¶æ‡¶®‡¶ü‡¶æ‡¶∞ ‡¶™‡ßç‡¶∞‡¶§‡¶ø ‡¶ï‡¶ø ‡¶Ø‡ßá ‡¶¨‡¶≤‡¶¨‡ßã ‡¶≠‡¶æ‡¶∑‡¶æ ‡¶π‡¶æ‡¶∞‡¶ø‡¶Ø‡¶º‡ßá ‡¶´‡ßá‡¶≤‡ßá‡¶õ‡¶ø‡•§ ‡¶∂‡ßÅ‡¶ß‡ßÅ ‡¶ó‡¶æ‡¶®‡¶ü‡¶æ ‡¶™‡ßÅ‡¶∞‡ßã ‡¶π‡ßÉ‡¶¶‡¶Ø‡¶º‡¶ü‡¶æ‡¶ï‡ßá ‡¶ï‡ßá‡¶Æ‡¶® ‡¶Ø‡ßá‡¶®‡ßã ‡¶ï‡¶æ‡¶§‡¶∞ ‡¶ï‡¶∞‡ßá ‡¶¶‡¶ø‡¶≤‡ßã krshina I love Ô∏è I am always for love you Ô∏è,9.6K,2 weeks ago
Magic words jai shree ram,,8 days ago
Gita se gyan mila !! Ramayan se mila Ram !! Bhagya se hindu dharm mila !! Kismat se hindustan !! Bolo Jai Sri Ram Ô∏è,199,3 weeks ago (edited)
@Thankfull from heart Ô∏è Shabbir Ahmed for such a beautiful lyrics ,,5 days ago
Ram is not a word It's a Feeling and a Emotion Jay Shree Ram,52,1 year ago
"I AM PROUD TO BE A 

HINDU

JAI SHREE RAM ",,3 weeks ago
Goosebumps ,4,6 days ago
Jai Shree Ram ,,9 days ago
"Jai shree ram 
Jai hanuman ji ",49,6 days ago
‡¶Ü‡¶Æ‡¶ø ‡¶ó‡¶∞‡ßç‡¶¨‡¶ø‡¶§ ‡¶Ü‡¶Æ‡¶ø ‡¶π‡¶ø‡¶®‡ßç‡¶¶‡ßÅ    ‡¶∞‡¶æ‡¶Æ ‡¶∞‡¶æ‡¶Æ ,,11 days ago
"Heart touching song... 
Jai Shree Ram... ",3,8 days ago
I love this song ,,7 days ago
"Jai Shri Ram 
Jai Hanuman ji ki ",1.6K,5 days ago
Man ko shanti milti hai jai shree Ram,,8 days ago
Jay shree ram ,44,6 days ago
"‡§Ø‡§π ‡§ú‡§æ‡§®‡§ï‡§∞ ‡§ñ‡•Å‡§∂‡•Ä ‡§π‡•Å‡§à ‡§ï‡§ø ‡§á‡§∏ ‡§ï‡§≤‡§Ø‡•Å‡§ó ‡§Æ‡•á‡§Ç ‡§≠‡•Ä ‡§≤‡•ã‡§ó ‡§™‡•ç‡§∞‡§≠‡•Å ‡§∂‡•ç‡§∞‡•Ä ‡§∞‡§æ‡§Æ ‡§ï‡•á ‡§≠‡§ï‡•ç‡§§ ‡§π‡•à‡§Ç, ‡§∂‡•ç‡§∞‡•Ä ‡§∞‡§æ‡§Æ ‡§Ü‡§™‡§ï‡•á ‡§ú‡•Ä‡§µ‡§® ‡§Æ‡•á‡§Ç ‡§π‡§Æ‡•á‡§∂‡§æ ‡§ñ‡•Å‡§∂‡•Ä ‡§¨‡§®‡§æ‡§è ! ‡§ú‡§Ø ‡§∂‡•ç‡§∞‡•Ä ‡§∞‡§æ‡§Æ ‡§ú‡§Ø ‡§∂‡•ç‡§∞‡•Ä ‡§π‡§®‡•Å‡§Æ‡§æ‡§®",,1 year ago
‡§Æ‡•à ‡§á‡§∏ ‡§≠‡§ú‡§® ‡§ï‡•ã ‡§â‡§∏ ‡§∏‡§Æ‡§Ø ‡§∏‡•á ‡§∏‡•Å‡§® ‡§∞‡§π‡§æ ‡§π‡•Ç‡§Å ‡§ú‡§¨ ‡§á‡§∏ ‡§≠‡§ú‡§® ‡§ï‡•á ‡§µ‡•ç‡§Ø‡•Ç‡§∏ 21 ‡§Æ‡§ø‡§≤‡§ø‡§Ø‡§® ‡§™‡§∞ ‡§Ü‡§ï‡§∞ ‡§∞‡•Å‡§ï‡•á ‡§π‡•Å‡§è ‡§•‡•á‡•§ ‡§ì‡§∞ ‡§Ü‡§ú ‡§Æ‡•à ‡§á‡§∏ ‡§â‡§Æ‡•Ä‡§¶ ‡§∏‡•á ‡§∏‡•Å‡§® ‡§∞‡§π‡§æ ‡§π‡•Ç‡§Å ‡§ï‡•Ä ‡§ú‡§≤‡•ç‡§¶ ‡§π‡•Ä 100 ‡§Æ‡§ø‡§≤‡§ø‡§Ø‡§® ‡§≠‡•Ä ‡§™‡§æ‡§∞ ‡§ï‡§∞‡•á‡§ó‡§æ ‡§Ø‡•á ‡§∏‡•Å‡§®‡•ç‡§¶‡§∞ ‡§≠‡§ú‡§®‡•§.... ‡§ú‡§Ø ‡§∂‡•ç‡§∞‡•Ä ‡§∞‡§æ‡§Æ ‡•§,37,5 days ago
I love this song ,,8 days ago
Jai Siya Ram Ô∏è,2,5 days ago
"Great picturization love from Telangana/Andhrapradesh 
Jai shree ram üáÆüá≥",,9 days ago
Jay shree Ram Ô∏èÔ∏èÔ∏è,41,5 days ago
I am born in a sikh Ô∏è family. Before 3 months ago me & my mom were diagnosed with Covid and my oxygen level was critical. My friend kept this song‚Äôs link on his whatsapp & I use to listen it daily. Today I am only alive by the grace of Lord Ram. I was spiritually healed by eternal energy of Lord Rama despite of having very few chances of being alive.,,1 year ago
It's not a song this is our emotions jai shree ram ,1,6 days ago
"Ô∏èRam is not a word It's a feeling            and an emotionsÔ∏è
Ô∏è‡§ú‡§Ø ‡§∏‡§ø‡§Ø‡§æ‡§∞‡§æ‡§Æ Ô∏èÔ∏è",,7 days ago
Jai shree Ram ,72,7 days ago
Thank you for this song I fell endless spritualityÔ∏èÔ∏èÔ∏èÔ∏è,,9 days ago
Jai shree Ram  sabhi hindu bhaiyo ko humari taraf se jai shree Ram ji  and proud to be Hindu jai shree Ram ,31,5 days ago
"‡¶∞‡¶æ‡¶Æ ‡¶∏‡¶ø‡ßü‡¶æ ‡¶∞‡¶æ‡¶Æ ‡¶®‡¶æ‡¶Æ‡¶ü‡¶æ ‡¶∂‡ßÅ‡¶®‡ßá ‡¶™‡ßç‡¶∞‡¶æ‡¶£ ‡¶ü‡¶æ ‡¶∂‡ßÄ‡¶§‡¶≤ ‡¶π‡ßü‡ßá ‡¶Ø‡¶æ‡ßü‡•§ ‡¶Ü‡¶Æ‡¶ø ‡¶ó‡¶∞‡ßç‡¶¨‡¶ø‡¶§ ‡¶Ø‡ßá ‡¶Ü‡¶Æ‡¶ø ‡¶π‡¶ø‡¶®‡ßç‡¶¶‡ßÅ 
Love from Bangladesh Ô∏è",,8 months ago (edited)
‡§á‡§∏ ‡§∏‡§Ç‡§ó‡•Ä‡§§ ‡§ï‡•ã ‡§∏‡•Å‡§® ‡§Æ‡•á‡§Ç ‡§∂‡•ç‡§∞‡•Ä ‡§∞‡§æ‡§Æ ‡§ú‡•Ä ‡§ï‡•á ‡§∏‡§Æ‡§ï‡•ç‡§∑ ‡§â‡§®‡§ï‡•á ‡§ö‡§∞‡§£‡•ã‡§Ç ‡§Æ‡•á ‡§Ü ‡§™‡§π‡•Å‡§ö‡§æ‡•§ ,1,9 days ago
I love this song,,8 days ago
I LOVE THIS SONG BEFOR RELEASE,165,6 days ago
I LOVE THIS SONG,,5 days ago
I proud i am hindu.. From Bangladesh.. Jai geta.  Jai sree ram....üáßüá©üáßüá©üáßüá©üáßüá©üáßüá©Ô∏èÔ∏èÔ∏èÔ∏è,1,6 months ago
"Bahut hi khubsurat lyrics hai.... 
Aur bahut hi khubsurati se gaaya gaya hai... ",,8 days ago
JAI SHREE RAM Ô∏è JAI SIYA RAM BHAKT HANUMAN JI Ô∏è,3.5K,7 days ago
"Proud Hindu 
Jay sree ram ",,6 days ago
Very peaceful song ,99,5 days ago
Jay shree Ram Ô∏èÔ∏è,,8 days ago
I am proud I am Hindu  Ô∏è Ô∏è    ,1,12 days ago
‡§ú‡§Ø ‡§∂‡•ç‡§∞‡•Ä ‡§∞‡§æ‡§Æ ‡§¨‡§π‡•Å‡§§ ‡§∏‡•Å‡§Ç‡§¶‡§∞ ‡§≠‡§ú‡§® Ô∏èÔ∏è,,7 days ago
Jai siyaram Ô∏è,2,6 days ago
Doston song ki starting ki line jo hai  doston sach mein dil ko chhu jaati hai  aur ram ji ka naam hi kafi hai  dil ko sukun  pahunchane ke liye ,,6 days ago
Wow Ô∏èÔ∏èÔ∏è,2,8 days ago
‡§∂‡§¨‡•ç‡§¨‡•Ä‡§∞ ‡§Ö‡§π‡§Æ‡§¶ ‡§∏‡§æ‡§π‡§¨ ‡§∞‡§æ‡§Æ ‡§≠‡§ï‡•ç‡§§‡•ã‡§Ç ‡§ï‡•á ‡§≤‡§ø‡§è ‡§Ü‡§™‡§®‡•á ‡§¨‡§°‡§º‡§æ ‡§Ö‡§¶‡•ç‡§≠‡•Å‡§§ ‡§∞‡§æ‡§Æ ‡§≠‡§ú‡§® ‡§≤‡§ø‡§ñ‡§æ ‡§π‡•à ‡§Ü‡§™‡§ï‡•ã ‡§¶‡§ø‡§≤ ‡§∏‡•á ‡§ß‡§®‡•ç‡§Ø‡§µ‡§æ‡§¶,,1 year ago
Lyrics by Shabbir Ahmed Suberb ,93,7 days ago
"im badly crying by hearing ""‡§Ö‡§Ç‡§ú‡§®‡•Ä ‡§™‡•Å‡§§‡•ç‡§∞ ‡§™‡•ú‡•á ‡§π‡•à‡§Ç ‡§ö‡§∞‡§£ ‡§Æ‡•á‡§Ç,
‡§∞‡§æ‡§Æ ‡§∏‡§ø‡§Ø‡§æ ‡§ú‡§™‡§§‡•á ‡§§‡§® ‡§Æ‡§® ‡§Æ‡•á‡§Ç ‡•§"" 

Jai Shree Ram",,12 days ago
"Jai Shree Ram Ji 
Jai Jai Bajrangbali Ji ",10,8 days ago
"Tears rolled down whenever listen this song , jai shri ram",,2 weeks ago
Jai Shree Ram Ô∏è,1,7 days ago
"I proud to be a hindu Ô∏è 
Jai Siya Ram ",,1 year ago (edited)
Thanku sachet bhaiya itna pyara Bhajan dene k liye mn ek dm shant ho jata h main pure din sunti hu jai shree ram ,2,11 days ago
‡§ó‡•Ä‡§§‡§æ ‡§∏‡•á ‡§ú‡•ç‡§û‡§æ‡§® ‡§Æ‡§ø‡§≤‡§æ !!  ‡§∞‡§æ‡§Æ‡§æ‡§Ø‡§£ ‡§∏‡•á ‡§∞‡§æ‡§Æ ‡§Æ‡§ø‡§≤‡•á !! ‡§≠‡§æ‡§ó‡•ç‡§Ø ‡§∏‡•á ‡§π‡§ø‡§Ç‡§¶‡•Ç ‡§ß‡§∞‡•ç‡§Æ ‡§Æ‡§ø‡§≤‡§æ !! ‡§ï‡§ø‡§∏‡•ç‡§Æ‡§§ ‡§∏‡•á ‡§π‡§ø‡§Ç‡§¶‡•Å‡§∏‡•ç‡§§‡§æ‡§® ‡§Æ‡§ø‡§≤‡§æ !!   ‡§ú‡§Ø ‡§∏‡§ø‡§Ø‡§æ‡§∞‡§æ‡§Æ.Ô∏è,,6 months ago
‡§Ö‡§§‡•ç‡§Ø‡§Ç‡§§ ‡§≠‡§ï‡•ç‡§§‡§ø‡§Æ‡§Ø ‡§≠‡§ú‡§® ‡§¨‡§®‡§æ‡§Ø‡§æ ‡§π‡•à ‡§á‡§∏ ‡§≠‡§ú‡§® ‡§ï‡•ã ‡§∏‡•Å‡§®‡§ï‡§∞ ‡§∂‡§æ‡§Ç‡§§‡§ø ‡§î‡§∞ ‡§∏‡•Å‡§ï‡•Ç‡§® ‡§Æ‡§ø‡§≤‡§§‡§æ ‡§π‡•à  ‡§ú‡§Ø ‡§∂‡•ç‡§∞‡•Ä ‡§∞‡§æ‡§Æ...,1,6 days ago
"Jai shree ram 
Jai hanuman ji ",,7 days ago
I love this song,2,8 days ago
Kitna sukoon milta hai jitne baar suno utna kam ha ,,3 weeks ago
"Nice song
 ‡§ú‡§Ø ‡§∂‡•ç‡§∞‡•Ä ‡§∞‡§æ‡§Æ ",3.8K,8 days ago
JAI SHREE RAM Ô∏è JAI SIYA RAM BHAKT HANUMAN JI Ô∏è,,3 weeks ago
"JAI SHREE RAM Ô∏è 
JAI SREE KRISHNA Ô∏è
OM NAMA SHIVAY ",3,5 days ago
Shri Ram bhagwan ji ki jai  sunke to dil ko kuch Aram Mila he ,,3 months ago
"Itni Shanti kabhi nahi mili
Bolo Jai Shree Ram ",1,13 days ago (edited)
JAI SHREE RAM Ô∏è JAI SIYA RAM BHAKT HANUMAN JI Ô∏è,,2 weeks ago
JAI SIYARAM Ô∏èÔ∏èÔ∏è,1,6 days ago
JAI SHREE RAM Ô∏è JAI SIYA RAM BHAKT HANUMAN JI Ô∏è,,12 days ago
Ô∏è Sita Ram Ô∏è,11,9 days ago
"Love from USA üá∫üá∏ 
We love indians hindus lot, we owe to India hindus a lot ",,6 months ago
JAI SHREE RAM Ô∏è JAI SIYA RAM BHAKT HANUMAN JI Ô∏è,1,2 weeks ago
JAI SHREE RAM Ô∏è JAI SIYA RAM BHAKT HANUMAN JI Ô∏è,,11 days ago
Jay shree ram ,4.9K,8 days ago
"Thank you for this song Ô∏è  I listen to many  songs that give peace to an insect, but I get real peace only by chanting the name of God  Ram Shiya ,Ram Shiya Ram Jai Jai Ram ",,11 days ago
‡§ú‡§Ø ‡§∂‡•ç‡§∞‡•Ä ‡§∞‡§æ‡§Æ ,4,7 days ago
‡§∏‡•Å‡§ï‡•Ç‡§® ‡§ï‡§æ ‡§¶‡•Å‡§∏‡§∞‡§æ ‡§®‡§æ‡§Æ ... ‡§ú‡§Ø ‡§∂‡•ç‡§∞‡•Ä ‡§∞‡§æ‡§Æ ,,3 weeks ago
JAI SHREE RAM Ô∏è JAI SIYA RAM BHAKT HANUMAN JI Ô∏è,34,3 weeks ago
Lyrics written by Shabbir ahmed hats off to him,,2 weeks ago
Jai Shree Ram ji ,3,5 days ago
‡§¨‡§π‡•Å‡§§ ‡§∏‡•Å‡§Ç‡§¶‡§∞ ‡§≠‡§ú‡§® ‡§π Ô∏èÔ∏è,,5 days ago
a very lovely bhajan ,4,8 days ago
sukun milta hai.... feel like another universe,,6 days ago
‡§á‡§∏ ‡§≠‡§ï‡•ç‡§§‡§ø‡§Æ‡§Ø ‡§ó‡§æ‡§®‡•á ‡§Æ‡•á‡§Ç ‡§ï‡•ç‡§Ø‡§æ ‡§¨‡§æ‡§§ ‡§π‡•à ‡§ï‡•Ä ‡§Æ‡•à‡§Ç ‡§á‡§∏ ‡§ó‡§æ‡§®‡•á ‡§ï‡•ã ‡§Ö‡§™‡§®‡•á office ‡§ú‡§æ‡§®‡•á ‡§ï‡•á ‡§∏‡§Æ‡§Ø ‡§∞‡§æ‡§∏‡•ç‡§§‡•á ‡§Æ‡•á ‡§π‡§Æ‡•á‡§∂‡§æ ‡§∏‡•Å‡§®‡§§‡§æ ‡§π‡•Ç‡§Ç‡•§ Thanku T-series ‡§ú‡§Ø ‡§∂‡•ç‡§∞‡•Ä ‡§∞‡§æ‡§Æ,1,9 days ago
Jai Shri gorrisankar ji Ô∏èÔ∏èÔ∏èÔ∏è,,5 days ago
Beautiful,1.2K,18 hours ago
Veri nice song  jai shiya ram,,9 days ago
"‡§Ü‡§ú ‡§ï‡•á ‡§∏‡§Æ‡§Ø ‡§Æ‡•á‡§Ç ‡§Ø‡•Å‡§µ‡§æ ‡§™‡•Ä‡•ù‡•Ä ‡§ï‡•ã ‡§Ö‡§™‡§®‡•Ä ‡§ú‡•ú‡•ã ‡§î‡§∞ ‡§∏‡§Ç‡§∏‡•ç‡§ï‡•É‡§§‡§ø ‡§∏‡•á ‡§ú‡•ã‡•ú‡§§‡§æ ‡§π‡•Å‡§Ü ‡§¨‡§π‡•Å‡§§ ‡§π‡•Ä ‡§∏‡•Å‡§Ç‡§¶‡§∞ ‡§î‡§∞ ‡§Æ‡§ß‡•Å‡§∞ ‡§≠‡§ú‡§® ‡§®‡•á ‡§Æ‡§Ç‡§§‡•ç‡§∞-‡§Æ‡•Å‡§ó‡•ç‡§ß ‡§ï‡§∞ ‡§¶‡§ø‡§Ø‡§æ  

‡§∞‡§æ‡§Æ ‡§∏‡§ø‡§Ø‡§æ‡§∞‡§æ‡§Æ... ‡§∏‡§ø‡§Ø‡§æ‡§∞‡§æ‡§Æ ‡§ú‡§Ø ‡§ú‡§Ø ‡§∞‡§æ‡§Æ ",11,1 year ago
Ô∏è Jai Shree Ram Ô∏è,,7 days ago
Jay shree Ram ,1,9 days ago
‡§Æ‡§æ‡§∂‡§æ‡§Ö‡§≤‡•ç‡§≤‡§æ‡§π ‡§¨‡§π‡•Å‡§§ ‡§Ö‡§ö‡•ç‡§õ‡§æ ‡§Ø‡§π ‡§≠‡§ï‡•ç‡§§‡§ø ‡§∏‡•â‡§®‡•ç‡§ó  ‡§≤‡§ó‡§§‡§æ ‡§π‡•à ‡§π‡§Æ‡•á‡§ÇüáÆüá≥üáÆüá≥üáÆüá≥jai hind,,3 months ago
Jai shree RamÔ∏èÔ∏è,1,9 days ago
proud to be sanatan ,,2 weeks ago
Jai shree Ram ji ,,6 days ago
"‡§¶‡§ø‡§≤ ‡§ï‡•ã ‡§∏‡•Å‡§ï‡•Ç‡§® ‡§Æ‡§ø‡§≤‡§æ ‡§á‡§§‡§®‡•á ‡§∏‡•Å‡§Ç‡§¶‡§∞ ‡§∂‡§¨‡•ç‡§¶ "" ‡§∞‡§æ‡§Æ ‡§∏‡§ø‡§Ø‡§æ ‡§∞‡§æ‡§Æ "" ‡§î‡§∞ ‡§á‡§§‡§®‡•Ä ‡§Æ‡§ß‡•Å‡§∞ ‡§Ü‡§µ‡§æ‡§ú‡§º ",,1 year ago
This song gives me chills,281,2 weeks ago
JAI SHREE RAM Ô∏è JAI SIYA RAM BHAKT HANUMAN JI Ô∏è,,2 weeks ago
‡§ú‡§Ø ‡§∂‡•ç‡§∞‡•Ä‡§∞‡§æ‡§Æ Ô∏è,,8 days ago
a master piece,,2 weeks ago
RAKSHA KARNA PRABHU Ô∏è,1,8 days ago
"Such a beautiful song! I have been sleeping to it for last 2 3 days and it really helps. Many a times my eyes get watery listening and feeling this song.
PS - While trying to sleep, I play this song on loop on spotify and add a sleep timer, I came to youtube just to leave this comments.",,1 month ago
"I'm proud to be Hindu , bhagwan Ram ki jai..... ",1,11 months ago
This mind healing song energizes me for the entire dayJay Siya Ram,,2 weeks ago
It gives me goosebumps...what a beautiful song ,1,3 weeks ago
I love this song ,,2 weeks ago
Jay Shree ram Ô∏èÔ∏è,,2 days ago
sign of true love = RAM SETU no taj mahal,,1 year ago
Such  a beautiful msg to the society & beautiful songÔ∏è,82,2 weeks ago
Amazing voice Ô∏è It feels so peaceful while listening this song  Jai Shree ram ,,11 days ago
Jay shree ram ,,5 days ago
‡§Æ‡•à‡§Ç ‡§∞‡•ã‡§ú ‡§∏‡•Å‡§®‡§§‡§æ ‡§π‡•Å ‡§∏‡•Å‡§®‡§ï‡§∞ ‡§∂‡§æ‡§Ç‡§§‡§ø ‡§Æ‡§ø‡§≤‡§§‡•Ä ‡§π‡•à ‡§Æ‡§® ‡§ï‡•ã Ô∏èÔ∏è‡§ú‡§Ø ‡§∂‡•ç‡§∞‡•Ä ‡§∞‡§æ‡§Æ Ô∏è,,12 days ago
‡§ú‡§Ø ‡§∂‡•ç‡§∞‡•Ä ‡§∏‡§ø‡§Ø‡§æ‡§∞‡§æ‡§Æ ‡§ú‡•ÄÔ∏è‡§ú‡§Ø ‡§∂‡•ç‡§∞‡•Ä ‡§ó‡•å‡§∞‡•Ä‡§∂‡§Ç‡§ï‡§∞ ‡§ú‡•Ä Ô∏è,1,5 days ago
"‡§ú‡§¨ ‡§Æ‡•à‡§Ç ‡§Ø‡•á ‡§ó‡§æ‡§®‡§æ ‡§∏‡•Å‡§®‡§§‡§æ ‡§π‡•Ç‡§Ç ‡§§‡•ã ‡§™‡•Ç‡§∞‡§æ ‡§¨‡•à‡§ö‡§æ‡§®‡•Ä ‡§Ö‡§™‡§®‡•á ‡§Ü‡§™ ‡§∂‡§æ‡§Ç‡§§ ‡§π‡•ã ‡§ú‡§æ‡§§‡•Ä ‡§π‡•à‡§Ç‡•§
‡§≠‡§ó‡§µ‡§æ‡§® ‡§∞‡§æ‡§Æ ‡§ï‡•Ä ‡§ú‡§Ø ‡§π‡•ã Ô∏è",,1 year ago
Heart Ô∏è touching song Jai Shree Ram Ô∏è Ô∏è Ô∏è,1,2 weeks ago
"Raam kaa naam sunkar he kitna skoon miltaa hai, Hey prabhu kyaa  ho aap, Aap jaisa koi nhi hai,  ,  jai Shri Raam Ram Ram  Ram ram ram ram ram ram ram ram ram ram ram ram",,2 weeks ago
 Jai Siyaram  Jai Hanuman ,1,6 days ago
I really enjoying this song..,,2 weeks ago
Jai siya Ram Ô∏è,384,10 days ago
I am muslim but my favourite sang ram siya ram jai jai ram,,5 months ago
GoosebumpsÔ∏è,,2 weeks ago
Jai Shree Ram ,,6 days ago
This song on shri krishna shorts is damn awesome ,93,2 weeks ago (edited)
RAKSHA KARNA PRABHU Ô∏è,,7 days ago
Really soothing,1,3 weeks ago
Bahut hi sundar aur ghar kar dene wali aawaj aur dhun,,8 days ago
"‡§Ü‡§ß‡•Å‡§®‡§ø‡§ï‡§§‡§æ ‡§ï‡•á ‡§á‡§∏ ‡§¶‡•å‡§∞ ‡§Æ‡•á‡§Ç ‡§ê‡§∏‡•á, ‡§™‡§µ‡§ø‡§§‡•ç‡§∞ ‡§≠‡§ú‡§® ‡§∏‡•Å‡§® ‡§ï‡•á ‡§ï‡§∏‡§Æ ‡§∏‡•á ‡§∏‡§æ‡§∞‡•Ä ‡§•‡§ï‡§æ‡§® ‡§â‡§§‡•ç‡§§‡§∞ ‡§ú‡§æ‡§§‡§ø ‡§π‡•á‡•§
‡§ú‡§Ø ‡§∂‡•ç‡§∞‡•Ä ‡§∞‡§æ‡§Æ
‡§ú‡§Ø ‡§∏‡§ø‡§Ø‡§æ ‡§∞‡§æ‡§Æ",23,1 year ago
such a great song,,12 days ago
I'm a student but me hamesha sunta hu ye bhajan,1,2 weeks ago
Jai Shree Ram ,,8 days ago
Very heart touching song Ô∏è,1.1K,2 weeks ago
Jay shree ram,,9 days ago
Im muslim n this my one of the fav song üáÆüá≥üáÆüá≥üáÆüá≥Ô∏èÔ∏èÔ∏è,6,8 months ago
Dil ko Ek Alag Hi Sukoon Milta He  Yeh Divya Song Sunakar Jai Shree Raam Parbhu Ô∏è,,13 days ago
"I have never heard a mesmerizing song like this....
Jai Shri Ram Ô∏è",800,11 days ago
RAKSHA KARNA PRABHU Ô∏è,,5 days ago
Best song ever and best voice Ô∏è,20,11 days ago
Jai Jai Shree Ram ,,6 days ago
‡§ó‡•Ä‡§§‡§æ ‡§∏‡•á ‡§ú‡•ç‡§û‡§æ‡§® ‡§Æ‡§ø‡§≤‡§æ !!  ‡§∞‡§æ‡§Æ‡§æ‡§Ø‡§£ ‡§∏‡•á ‡§∞‡§æ‡§Æ ‡§Æ‡§ø‡§≤‡•á !! ‡§≠‡§æ‡§ó‡•ç‡§Ø ‡§∏‡•á ‡§π‡§ø‡§Ç‡§¶‡•Ç ‡§ß‡§∞‡•ç‡§Æ ‡§Æ‡§ø‡§≤‡§æ !! ‡§ï‡§ø‡§∏‡•ç‡§Æ‡§§ ‡§∏‡•á ‡§π‡§ø‡§Ç‡§¶‡•Å‡§∏‡•ç‡§§‡§æ‡§® ‡§Æ‡§ø‡§≤‡§æ !!   ‡§ú‡§Ø ‡§¶‡•ç‡§µ‡§æ‡§∞‡§ï‡§æ‡§ß‡•Ä‡§∂,1,1 year ago
Close Your Eyes And Feel The Enormous Beauty Of This Song ,,3 weeks ago
JAI SHREE RAM Ô∏è JAI SIYA RAM BHAKT HANUMAN JI Ô∏è,,3 weeks ago
Jai siyaram Ô∏è,,7 days ago
Jai Shree Ram Ô∏è,46,9 days ago
This is the most beautiful song in the world ,,3 weeks ago
 ‡§ú‡§Ø ‡§∂‡•ç‡§∞‡•Ä ‡§∞‡§æ‡§Æ ‡§ú‡§Ø ‡§π‡§®‡•Å‡§Æ‡§æ‡§® ‡§ú‡•Ä,,7 days ago
Shree Ram is not just a name it's a feeling and emotion of crores of people Ô∏èÔ∏è jai Shree ram,,1 year ago (edited)
ye song sun ke sukun milta hai ,1,2 weeks ago
What a beautiful bhajan I just love it,,3 weeks ago
Jay shree Ram I am proud of your,,7 days ago
Bhai ye song k lyricist ne to kamaal kar diya hai ...itna badiya geet likha hai woh bhi ek muslin isse ye saaf darshata hai ki uss bande k dil mein ramji ki mohabbat aaj bhi hain.....,,3 weeks ago
Jay Sri ram ,1.6K,6 days ago
"‡§∏‡§ö ‡§Æ‡•á‡§Ç , ‡§ê‡§∏‡•á ‡§π‡•Ä ‡§ï‡§æ‡§Æ‡•ã‡§Ç ‡§∏‡•á ‡§ó‡•Å‡§≤‡§∂‡§® ‡§ú‡•Ä ‡§ï‡•Ä ‡§Ü‡§§‡•ç‡§Æ‡§æ ‡§ï‡•ã ‡§∂‡§æ‡§Ç‡§§‡§ø ‡§Æ‡§ø‡§≤‡§§‡•Ä ‡§π‡•ã‡§ó‡•Ä‡•§",,1 year ago
This songÔ∏è,11,12 days ago
Love you raam ji ,,3 weeks ago
Such an awesome Ram siya  Ram,1,7 days ago
What a beautiful song  but at least once just have a glance at the lyrics and other people who contributed to this song. How beautifully they created this song.,,13 days ago (edited)
Jai Shree Ram ,,9 days ago
Proud to be a hinduÔ∏èÔ∏è. And this masterpiece bhajan gives automatically some different positive vibes nd thoughts Ô∏è...Jai Shree Ram!,,1 year ago (edited)
Uff ess gaane ko sunn ke dil bilkul Khushi se bhar aa jata ,1,2 weeks ago
This song has positive vibe..Jai Shree Ram,,3 weeks ago (edited)
Radhe radhe sita ram sita ram ,1,5 days ago
What a beautifully sung Bhajan. This helps me calm down quite a lot and I at this point listen to it every single day.,,2 weeks ago
 Jay Shree Ram ,1.3K,6 days ago
"‡§ï‡§ø‡§§‡§®‡•á ‡§ß‡§®‡•ç‡§Ø ‡§π‡•à‡§Ç ‡§π‡§Æ ‡§ú‡•ã ‡§∞‡§æ‡§Æ ‡§Æ‡§ø‡§≤‡•á ‡§™‡•Ç‡§ú‡§®‡•á ‡§ï‡•ã
‡§ì‡§∞ ‡§ï‡§ø‡§§‡§®‡§æ ‡§∏‡•å‡§≠‡§æ‡§ó‡•ç‡§Ø ‡§ï‡•Ä ‡§Ø‡•á ‡§≠‡§ú‡§® ‡§Æ‡§ø‡§≤‡§æ ‡§∏‡•Å‡§®‡§®‡•á ‡§ï‡•ã",,1 year ago
My favorite song ,1,2 weeks ago
"‡¶™‡¶æ‡¶°‡¶º‡¶æ‡¶Ø‡¶º ‡¶ï‡¶æ‡¶≤‡ßÄ‡¶™‡ßÅ‡¶ú‡ßã ‡¶§‡ßá ‡¶¨‡¶ï‡ßç‡¶∏ ‡¶è ‡¶¨‡¶æ‡¶∞‡¶¨‡¶æ‡¶∞ ‡¶ö‡¶≤‡¶õ‡¶ø‡¶≤ ‡¶ó‡¶æ‡¶®‡¶ü‡¶ø,‡¶Ü‡¶∞ ‡¶∏‡ßá‡¶ñ‡¶æ‡¶® ‡¶•‡ßá‡¶ï‡ßá‡¶á ‡¶≠‡¶æ‡¶≤‡ßã‡¶≤‡¶æ‡¶ó‡¶æ,‡¶§‡¶æ‡¶∞‡¶™‡¶∞ ‡¶è‡¶∏‡ßá ‡¶∏‡¶æ‡¶∞‡ßç‡¶ö ‡¶ï‡¶∞‡ßá ‡¶∂‡ßã‡¶®‡¶æ,‡¶Ü‡¶∞ ‡¶∏‡ßá‡¶á ‡¶Ö‡¶ï‡ßç‡¶ü‡ßã‡¶¨‡¶∞ ‡¶•‡ßá‡¶ï‡ßá ‡¶Ü‡¶ú ‡¶°‡¶ø‡¶∏‡ßá‡¶Æ‡ßç‡¶¨‡¶∞ ‡¶∂‡ßÅ‡¶®‡ßá‡¶á ‡¶Ø‡¶æ‡¶ö‡ßç‡¶õ‡¶ø,‡¶ï‡¶ø ‡¶Ø‡ßá ‡¶≠‡¶æ‡¶≤‡ßã ‡¶≤‡¶æ‡¶ó‡ßá,‡¶™‡ßç‡¶∞‡¶§‡¶ø‡¶¶‡¶ø‡¶® ‡¶∂‡ßÅ‡¶®‡¶ø",,2 weeks ago
Jay shree ram ,1,6 days ago
this song touch my heart... i'm from Bangladesh üáßüá©..... Love from Bangladesh üáßüá©.....,,3 weeks ago
‡§ú‡§Ø ‡§∂‡•ç‡§∞‡•Ä ‡§∞‡§æ‡§Æ ,,17 hours ago
"‡§∞‡§æ‡§Æ ‡§ú‡§ø‡§®‡§ï‡§æ ‡§®‡§æ‡§Æ ‡§π‡•à, ‡§Ö‡§Ø‡•ã‡§ß‡•ç‡§Ø‡§æ ‡§ú‡§ø‡§®‡§ï‡§æ ‡§ß‡§æ‡§Æ ‡§π‡•à,
‡§ê‡§∏‡•á ‡§∞‡§ò‡•Å‡§®‡§Ç‡§¶‡§® ‡§ï‡•ã, ‡§π‡§Æ‡§æ‡§∞‡§æ ‡§™‡•ç‡§∞‡§£‡§æ‡§Æ ‡§π‡•à,
‡§Ü‡§™ ‡§∏‡§≠‡•Ä ‡§ï‡•ã
‡§ú‡§Ø ‡§∂‡•ç‡§∞‡•Ä ‡§∞‡§æ‡§Æ...",,1 year ago
Wao ..I'm sikh but I like this bhajan...really its heart touching song.....,3,4 weeks ago
I love this song I proud of Hindu Bramhan,,2 weeks ago
Jay shree ram ,1,9 days ago
Ram siya Ram siya Ô∏è,,12 days ago
JAI SIYA RAM ,48,9 days ago
"‡§ó‡•Ä‡§§‡§æ ‡§∏‡•á ‡§ú‡•ç‡§û‡§æ‡§® ‡§Æ‡§ø‡§≤‡§æ, ‡§∞‡§æ‡§Æ‡§æ‡§Ø‡§£ ‡§∏‡•á ‡§∞‡§æ‡§Æ ‡§Æ‡§ø‡§≤‡•á, ‡§≠‡§æ‡§ó‡•ç‡§Ø ‡§∏‡•á ‡§∏‡§®‡§æ‡§§‡§® ‡§ß‡§∞‡•ç‡§Æ ‡§Æ‡§ø‡§≤‡§æ ‡§î‡§∞ ‡§∏‡•å‡§≠‡§æ‡§ó‡•ç‡§Ø: ‡§∏‡•á ‡§π‡§ø‡§Ç‡§¶‡•Å‡§∏‡•ç‡§§‡§æ‡§® ‡§Æ‡§ø‡§≤‡§æ, ‡§ú‡§Ø ‡§∏‡§ø‡§Ø‡§æ ‡§∞‡§æ‡§Æ,Ô∏èÔ∏è",,2 months ago (edited)
JAY SHREE RAM ... I  PROUD I AM HINDU ,4,2 weeks ago
"‡§π‡•É‡§¶‡§Ø ‡§ï‡•ã ‡§õ‡•Ç ‡§ú‡§æ‡§§‡§æ ‡§π‡•à ‡§Ø‡§π ‡§≠‡§ú‡§®‡•§ ‡§ú‡§ø‡§§‡§®‡•Ä ‡§¨‡§æ‡§∞ ‡§∏‡•Å‡§®‡•Ç‡§Ç ‡§¶‡§ø‡§≤ ‡§ï‡§∞‡§§‡§æ ‡§π‡•à ‡§∏‡•Å‡§®‡§§‡§æ ‡§π‡•Ä ‡§∞‡§π‡•Ç‡§Ç‡•§ 
 ‡§ú‡§Ø ‡§∂‡•ç‡§∞‡•Ä ‡§∞‡§æ‡§Æ ",,2 weeks ago
Jay shree ram ,16,6 days ago
Mind Blowing,,2 weeks ago
jai shree ram,,10 days ago
Proud to be an hinduism Ô∏è,,1 year ago
I Ô∏è this song,,3 weeks ago
Jai Sita Ram  it's listings to   get the most peaceful,,3 weeks ago (edited)
"Never ignore a person who loves you, cares for you, misses you. Because one day, you might wake up from your sleep and realize that you lost the moon while counting the stars",1,3 weeks ago
Jay Shree  ram ..thanks my every day making a good day   ,,8 days ago
"Sign of true love- RAMSETU Ô∏è not taj mahal...

Na kisi ki jaan li gayi...or na hi kisi ke hath kaate gaye...",,1 year ago
Mai iss song ko daily sunta hu 2-3 bar dil khus ho jate hai,,11 days ago
"‡§ï‡•Å‡§õ ‡§¶‡§ø‡§® ‡§™‡§π‡§≤‡•á ‡§π‡•Ä ‡§Ø‡•á ‡§ó‡§æ‡§®‡§æ ‡§∏‡•Å‡§®‡§æ, ‡§î‡§∞ ‡§Ö‡§¨ ‡§π‡§Æ‡•á‡§∂‡§æ ‡§∏‡•Å‡§®‡§§‡§æ ‡§π‡•Ç‡§Ç. ‡§Ö‡§¶‡•ç‡§≠‡•Å‡§§ ‡§π‡•à ‡§Ø‡•á ‡§Æ‡§® ‡§ï‡•ã ‡§∂‡§æ‡§®‡•ç‡§§‡§ø ‡§™‡•ç‡§∞‡§¶‡§æ‡§® ‡§ï‡§∞‡§§‡§æ ‡§π‡•à. ‡§ú‡§Ø ‡§∂‡•ç‡§∞‡•Ä‡§∞‡§æ‡§Æ",6,2 weeks ago
Jai shree ram ,,7 days ago
My favourite song Ô∏èÔ∏èÔ∏èÔ∏èÔ∏èÔ∏è,,2 weeks ago
Jai shree Ram  Jai hanuman ,,5 days ago
Roola dia yrÔ∏è feel the song lord ram is not just a name it's our soul,,1 year ago
‡§ú‡§¨ ‡§∏‡•Å‡§®‡•ã ‡§Ø‡•á ‡§®‡§Ø‡§æ ‡§π‡•Ä ‡§≤‡§ó‡§§‡§æ ‡§π‡•à ‡§ê‡§∏‡•Ä ‡§Æ‡§π‡§ø‡§Æ‡§æ ‡§π‡•à ‡§™‡•ç‡§∞‡§≠‡•Å ‡§ï‡•Ä Ô∏è,,2 weeks ago
‡§ó‡•Ä‡§§‡§æ ‡§∏‡•á ‡§ú‡•ç‡§û‡§æ‡§® ‡§Æ‡§ø‡§≤‡§æ !!  ‡§∞‡§æ‡§Æ‡§æ‡§Ø‡§£ ‡§∏‡•á ‡§∞‡§æ‡§Æ ‡§Æ‡§ø‡§≤‡•á !! ‡§≠‡§æ‡§ó‡•ç‡§Ø ‡§∏‡•á ‡§π‡§ø‡§Ç‡§¶‡•Ç ‡§ß‡§∞‡•ç‡§Æ ‡§Æ‡§ø‡§≤‡§æ !! ‡§ï‡§ø‡§∏‡•ç‡§Æ‡§§ ‡§∏‡•á ‡§π‡§ø‡§Ç‡§¶‡•Å‡§∏‡•ç‡§§‡§æ‡§® ‡§Æ‡§ø‡§≤‡§æ !!   ‡§ú‡§Ø ‡§∏‡§ø‡§Ø‡§æ‡§∞‡§æ‡§Æ.,1,1 month ago
‡§ú‡§Ø ‡§∂‡•ç‡§∞‡•Ä ‡§∞‡§æ‡§Æ ,,8 days ago
"‡¶≤‡¶ø‡¶∞‡¶ø‡¶ï‡ßç‡¶∏ =‡¶∏‡¶æ‡¶¨‡ßç‡¶¨‡¶ø‡¶∞ ‡¶Ü‡¶π‡¶Æ‡ßá‡¶¶
‡¶è‡¶ü‡¶æ‡¶á ‡¶Ü‡¶Æ‡¶æ‡¶¶‡ßá‡¶∞ ‡¶≠‡¶æ‡¶∞‡¶§‡¶¨‡¶∞‡ßç‡¶∑ Ô∏è",230,2 weeks ago
Jai siyaram Ô∏è,,6 days ago
I had been atheist. Recently I was Covid+ and was in critical condition with 60-65 oxygen level and on oxygen support mostly. A friend sent me this link. I heard this song more than 100 times along with few other bhajans too. 6 out of 9 patients died in my ward but I survived. My lungs are still damaged but I am fine now and at home. I dont know how exactly it happened but I want to visit Ayodhya once and thank Ram for not just saving me but saving a father of 4 years old and an unborn baby.,,1 year ago
ONE OF THE BEST SONG IN INDIA ,,2 weeks ago (edited)
"Dusro ko sad song,love song, punjabi song pasand aata hoga apne ko to ye song sun ke dil ko sukoon milta haiÔ∏è",,13 days ago
I like this song ,,2 weeks ago
Jai Shree Ram ,280,5 days ago
Ram siya ram is the true line for love Ô∏è,,11 days ago
Jai siya ram ,1,8 days ago
Goosebumps  Ram lakshaman janaki jai bolo hanuman ki,,1 year ago
Jay Shri Ram bahut Sundar prastuti Shri Ram bhajan ,5,10 days ago
,,2 weeks ago
Jai Shree Ram ji ,,7 days ago
"Such a goosebumps song Ô∏èÔ∏è
‡§ú‡§Ø‡•ç ‡§∂‡•ç‡§∞‡•Ä ‡§∞‡§æ‡§Æ ",,3 weeks ago
I love sita mata and ram ji ,1.4K,10 days ago
30 bar song sun chuka hu par bhai man nhi bharta hearts touching,,4 months ago
"Everytime I listen to it ....
It just calms me down",12,10 days ago
JAI SHREE RAM Ô∏è JAI SIYA RAM BHAKT HANUMAN JI ,,9 days ago
JAY SHREE RAM,4,7 days ago
"Believe me, this bhajan helps alotÔ∏è",,6 days ago
I love it  ,1,5 days ago
"Proud to be a Snanatani 
Lots of love from kuwait üá∞üáº 
Jai shri ram  ",,2 months ago
"Yeah song sunke dil ko sukoon milta h... Or maano Toh es s sundar song kavhi koi Ho hi Nhi sakta....''Raam siya raam siya raam Jai Jai raam"" _ these line gives goosebumps ",4,2 weeks ago (edited)
"Lyrics written by Shabbir Ahmed... 
This is our Divine üáÆüá≥",,9 days ago
"Jay shree ram 
Jay kastbhajandev ",1,9 days ago
Op songs ,,9 days ago
Jai shree ram ,2,5 days ago
"I'm cried, I remembered Gulshan ji after listening to this song. If he were today, he would have given millions of songs like this. Gulshan Kumar Ji is in our heart! JAY SHRI RAM ",,1 year ago
Jitni bar suno man hi nhu bharta kitna khubsurat song hai Ô∏èÔ∏èÔ∏è,284,1 month ago
"Tu hi siya ka ram, Radha ka tu hi shyam...this line has some different kind of emotion..Ô∏èÔ∏è",,11 days ago
‡§ú‡§Ø ‡§∏‡§ø‡§Ø‡§æ ‡§∞‡§æ‡§Æ ,32,9 days ago
"‡§Ø‡•á ‡§ó‡§æ‡§®‡§æ ‡§∏‡•Å‡§® ‡§®‡•á ‡§∏‡•á ‡§Ö‡§≤‡§ó ‡§π‡•Ä ‡§Ü‡§®‡§Ç‡§¶ ‡§Æ‡§ø‡§≤‡§§‡•Ä ‡§π‡•à , ‡§ú‡§Ø ‡§ú‡§Ø ‡§∂‡•ç‡§∞‡•Ä ‡§∞‡§æ‡§Æ Ô∏è",,1 month ago
Jai shree ram,10,8 days ago
"‡§á‡§§‡§®‡§æ ‡§∏‡•Å‡§®‡•ç‡§¶‡§∞ ‡§î‡§∞ ‡§Æ‡§ß‡•Å‡§∞ ‡§≠‡§ú‡§® ‡§∏‡•Å‡§®‡§ï‡§∞ ‡§∞‡•ã‡§Æ ‡§∞‡•ã‡§Æ ‡§™‡•ç‡§∞‡§´‡•Å‡§≤‡•ç‡§≤‡§ø‡§§ ‡§π‡•ã ‡§ó‡§Ø‡§æ‡•§‡•§
‡§ú‡§Ø ‡§∏‡§ø‡§Ø‡§æ‡§∞‡§æ‡§Æ 
‡§ú‡§Ø ‡§∞‡§æ‡§ß‡•á‡§∂‡•ç‡§Ø‡§æ‡§Æ",,1 year ago
"Why it's only 57 million viewes? 
This masterpiece (emotion) deserve 1 billion views ",12,2 weeks ago
Truely Spiritual...RAM SIYA RAM,,3 weeks ago
"‡§ú‡§Ø ‡§∂‡•ç‡§∞‡•Ä Shani Dev Maharaj
Jai siya Ram",,6 days ago
JAI SHREE RAM Ô∏è JAI SIYA RAM  BHAKT HANUMAN JI Ô∏è,,2 weeks ago
Jai shree Ram ,20K,6 days ago
"Midnight 
Alone in room
Have earphones
Playing this song ",,1 month ago (edited)
"Shabbir Ahmed is the trump card of this song. How beautifully he has mixed the iconic chorus (mangal bhawan amangal hari...) with his wonderful, deep lyrics. Maza hi aa jata hai ye gana sunn ke!",8,1 month ago
JAI SHREE RAM Ô∏è JAI SIYA RAM BHAKT HANUMAN JI Ô∏è,,3 weeks ago
Jai shree Ram ,11,7 days ago
Dil ko chu leya es gane neÔ∏èÔ∏èÔ∏èÔ∏èÔ∏èÔ∏èÔ∏èÔ∏èÔ∏èÔ∏è,,2 weeks ago
Jai shree Ram ,,7 days ago
"Disclaimer : This is not a song , it is emotions Ô∏è",,1 year ago
"‡§π‡•ç‡§∞‡§¶‡§Ø ‡§ï‡•ã ‡§Ö‡§∏‡§≤‡•Ä ‡§µ‡§æ‡§≤‡§æ ‡§∏‡•Å‡§ï‡•Ç‡§® ‡§á‡§∏ ‡§≠‡§ú‡§® ‡§∏‡•á ‡§Æ‡§ø‡§≤‡§§‡§æ ‡§π‡•à,,‡§¨‡§ø‡§≤‡§ï‡•Å‡§≤ ‡§Ö‡§Æ‡•É‡§§ ‡§∏‡§Æ‡§æ‡§® ‡§π‡•à ‡§Ø‡•á Ô∏èÔ∏èÔ∏è


‡§ú‡§Ø ‡§∂‡•ç‡§∞‡•Ä ‡§∞‡§æ‡§Æ ",,8 days ago
"Ye Bhajan Kitani bar suun lu maja hi aata hai
Jai Shri Ram ",,2 weeks ago
Jai shree Ram ,1,8 days ago
I am sikh but i feel good to listen this it gives me positively jai shree ram,,1 month ago
Jai Shree Ram ,394,5 days ago
"‡§™‡§§‡§æ ‡§®‡§π‡•Ä ‡§ï‡•ç‡§Ø‡•ã‡§Ç, ‡§∞‡•ã‡§®‡§æ ‡§Ü ‡§ó‡§Ø‡§æ‡•§ ‡§∂‡•ç‡§∞‡•Ä ‡§∞‡§æ‡§Æ ‡§ï‡•Ä ‡§≠‡§ï‡•ç‡§§‡§ø ‡§Æ‡•á‡§Ç ‡§á‡§§‡§®‡§æ ‡§ñ‡•ã ‡§ó‡§Ø‡§æ‡•§ T-series ‡§ï‡•ã ‡§Ü‡§≠‡§æ‡§∞!",,1 year ago
The need of hour is that our young generation should grow by listening these songs and have eternal faith in Lord RAM.JAI SHRI RAM.,12,9 days ago
Kitna pyara Bhajan hai ,,8 days ago
RAKSHA KARNA PRABHU Ô∏è,7,22 hours ago
"‡§¨‡§æ‡§∞ ‡§¨‡§æ‡§∞ ‡§∏‡•Å‡§®‡§§‡§æ ‡§π‡•Ç‡§Ç ‡§Ü‡§ñ‡§ø‡§∞ ‡§ï‡§∞ ‡§Æ‡§® ‡§π‡§≤‡•ç‡§ï‡§æ ‡§π‡•ã ‡§ú‡§æ‡§§‡§æ ‡§π‡•à
‡§ó‡§∞‡•ç‡§µ ‡§π‡•à ‡§π‡§Æ ‡§π‡§ø‡§®‡•ç‡§¶‡•Ç ‡§π‡•à 
‡§ó‡§∞‡•ç‡§µ ‡§∏‡•á ‡§ï‡§π‡•ã ‡§π‡§Æ ‡§π‡§ø‡§®‡•ç‡§¶‡•Ç ‡§π‡•à",,2 weeks ago
Singing ,1,7 days ago
"‡§Ø‡•Å‡§µ‡§æ‡§ì‡§Ç ‡§Æ‡•á‡§Ç ‡§π‡§ø‡§Ç‡§¶‡•Å‡§§‡•ç‡§µ ‡§ï‡•Ä ‡§∞‡•Ç‡§ö‡§ø ‡§¨‡§¢ ‡§∞‡§π‡•Ä ‡§π‡•à, ‡§Ø‡•á ‡§≠‡§æ‡§∞‡§§ ‡§ï‡•á ‡§≠‡§µ‡§ø‡§∑‡•ç‡§Ø ‡§ï‡•á ‡§≤‡§ø‡§è ‡§Ö‡§ö‡•ç‡§õ‡•á ‡§∏‡§Ç‡§ï‡•á‡§§ ‡§π‡•à ..!! 
‡§ú‡§Ø ‡§∂‡•ç‡§∞‡•Ä ‡§∞‡§æ‡§Æ ",,1 year ago
"Whoever reading this comment, I really hope you find peace and strength to live through the day. Whatever you're going through right now, I promise it'll be okay.",5,3 weeks ago
"Love from Rajasthan
Very beautiful song
Proude to be a hindu
JAI SHREE RAM",,7 days ago (edited)
Jay shree Ram ,,6 days ago
Jai bajrangbali Ô∏èÔ∏è,,3 weeks ago
Jai shree Ram ,625,5 days ago
"‡§Ø‡•á ‡§∏‡§Æ‡§Ø ‡§¨‡§π‡•Å‡§§ ‡§¨‡•Å‡§∞‡§æ ‡§ö‡§≤ ‡§∞‡§π‡§æ ‡§π‡•à ‡§™‡§∞ ‡§™‡•ç‡§∞‡§≠‡•Å ‡§™‡§∞ ‡§™‡•Ç‡§∞‡•ç‡§£ ‡§µ‡§ø‡§∂‡•ç‡§µ‡§æ‡§∏ ‡§π‡•à ‡§á‡§∏‡§≤‡§ø‡§è ‡§Ø‡•á ‡§ó‡•Ä‡§§ ‡§∏‡•Å‡§® ‡§ï‡•á ‡§¨‡§π‡•Å‡§§ ‡§∏‡•Å‡§ï‡•Ç‡§® ‡§Æ‡§ø‡§≤‡§§‡§æ ‡§π‡•à 
‡§ú‡§Ø ‡§ú‡§Ø ‡§∂‡•ç‡§∞‡•Ä ‡§∞‡§æ‡§Æ Ô∏è",,7 months ago
After listen ram siya ram I felt piecefull Jai siya ram,11,1 month ago
JAI SHREE RAM Ô∏è JAI SIYA RAM BHAKT HANUMAN JI Ô∏è,,3 weeks ago
Jai shree ram ,,8 days ago
Best bhakti song,,11 days ago
"Jai sree ram ,,",6,8 days ago
Proud to be Hindu  Jai siya ram,,1 year ago
"‡§∏‡§®‡§æ‡§§‡§® ‡§ï‡•á ‡§∏‡•ç‡§µ‡§∞ ‡§∏‡•Å‡§®‡§ï‡§∞ ‡§¶‡§ø‡§≤ ‡§ñ‡•Å‡§∂ ‡§π‡•ã ‡§ú‡§æ‡§§‡§æ ‡§π‡•à
‡§ú‡§Ø ‡§∂‡•ç‡§∞‡•Ä ‡§∞‡§æ‡§Æ ",1,6 days ago
I have listen this song 1000 times but the tune is set in my mind,,3 weeks ago
Jai siya ram ,4,6 days ago
Jai Shri Ram  Jai Raghunadan  Peaceful Ô∏è Song Jai Shri Bajrangbali GRam Siya Ram  Siya Ram Jai Jai Ram  Ô∏èÔ∏è,,2 weeks ago (edited)
"Kl mera pre board(class 10)hai aur darr lag raha tha isliye ye gana suna, aur isse pehele mahabharat ka gana suna for motivation. 
Sach mein dil ko tasalli mili.",,5 days ago
"‡§Æ‡•à‡§Ç ‡§Ö‡§Ø‡•ã‡§ß‡•ç‡§Ø‡§æ ‡§ß‡§æ‡§Æ ‡§∏‡•á ‡§Ü‡§™ ‡§∏‡§≠‡•Ä ‡§∂‡•ç‡§∞‡•Ä ‡§∞‡§æ‡§Æ ‡§≠‡§ï‡•ç‡§§‡•ã‡§Ç ‡§ï‡•ã ‡§∏‡§æ‡§¶‡§∞ ‡§™‡•ç‡§∞‡§£‡§æ‡§Æ ‡§ï‡§∞‡§§‡§æ ‡§π‡•Ç‡§Å‡•§
‡§ú‡§Ø ‡§∏‡§ø‡§Ø‡§æ‡§∞‡§æ‡§Æ",,1 year ago
"Priceless song EverÔ∏èÔ∏èÔ∏èÔ∏èÔ∏è
Jai Siya Ram Ô∏è",736,3 weeks ago
"I don't know why whenever I listen to this song I cry....

JAI SHIYA RAM",,3 weeks ago
Jai siyaram,,7 days ago
JAI SHREE RAM Ô∏è JAI SIYA RAM BHAKT HANUMAN JI Ô∏è,,1 month ago
Jai shree ram ,47,9 days ago
In Love With This Song Din Me Kamse Kam 100 Baar Sunta Hu  Jab Jab Comment Pe Like Aayega Tab Tab Firse Sunne Aaunga  Jai Siya Ram ,,1 month ago (edited)
JAI SHREE RAM Ô∏è JAI SIYA RAM BHAKT HANUMAN JI Ô∏è,,1 month ago
"I AM PROUD TO BE A HINDU.......Ô∏èÔ∏èÔ∏èJAI SIYA RAM .....
...ONE OF MY FAVOURITE SONG Ô∏è",,7 days ago
Jai shree ram ,5,9 days ago
"I am just fan of this melodies voice,pure devotional song",,1 month ago
Jay shree ram,,6 days ago
‡§ï‡§ø‡§§‡§®‡•á ‡§∏‡§æ‡§≤‡•ã ‡§¨‡§æ‡§¶ ‡§ê‡§∏‡§æ ‡§≠‡§ï‡•ç‡§§‡§ø ‡§ó‡•Ä‡§§ ‡§¨‡§®‡§æ ‡§π‡•à ‡§Æ‡•à‡§Ç ‡§á‡§∏ ‡§ó‡•Ä‡§§ ‡§ï‡•á ‡§ó‡§æ‡§Ø‡§ï‡•ã ‡§î‡§∞ ‡§ï‡§≤‡§æ‡§ï‡§∞‡•ã ‡§ï‡•ã ‡§ß‡•ç‡§Ø‡§æ‡§® ‡§µ‡§æ‡§¶ ‡§¶‡•á‡§§‡§æ ‡§π‡•Ç‡§Ç ‡§ú‡§Ø ‡§∂‡•ç‡§∞‡•Ä ‡§∞‡§æ‡§Æ,,1 year ago
Iss gane ko sunkar mann ko sukun milta hai ,894,2 weeks ago
Ahaa haa... Dil ko sukoon mil geya... Ye gaana sunke Ô∏è. Ram Siya Ram... Siya Ram... Jai Jai Ram .,,3 weeks ago (edited)
Literally cried man goosebumps Ô∏è jai siya ram,3,1 month ago
Jai shree ram ,,5 days ago
"‡§ú‡§æ‡§§ ‡§™‡§æ‡§§ ‡§™‡•Ç‡§õ‡•á ‡§®‡§π‡•Ä ‡§ï‡•ã‡§à,
‡§ú‡•ã ‡§π‡§∞‡§ø ‡§ï‡•ã ‡§≠‡§ú‡•á ‡§∏‡•ã ‡§π‡§∞‡§ø ‡§π‡•ã‡§à‡•§
‡§ú‡§Ø ‡§∏‡§ø‡§Ø‡§æ‡§∞‡§æ‡§Æ",2,1 year ago (edited)
"Lyrics - shabbir Ahmed
Singer -sachet tandon
True india",,3 weeks ago
"Sign of true love=Ram Setu
.
.
.",1,2 weeks ago
Jai shree ram ji  jai shree ram ji ke bhakt hanuman ji ,,9 days ago
Me apna din ka survat yehi song se karti hu jai siya raam,2,3 weeks ago
Kitni madhur aawaj hai.. sach.. mano dil ko chu gai ..,,8 days ago
"RAM is not just a word
Because it is a World
Jai Shree Ram",,1 year ago
All time my favorite song.... Siya Ram jai jai ram,,3 weeks ago
Amazing voice  heart touching lyrics   Jay SiyaRam ,243,4 weeks ago
I love this song jai shree ram ji,,6 days ago
JAI SHREE RAM  JAI SIYA RAM BHAKT HANUMAN JI Ô∏è,10,10 days ago
Jai shree ram,,8 days ago
‡§ó‡•Å‡§≤‡§∂‡§® ‡§ï‡•Å‡§Æ‡§æ‡§∞ - ‡§ü‡•Ä-‡§∏‡§ø‡§∞‡•Ä‡•õ ‡§¶‡•ç‡§µ‡§æ‡§∞‡§æ ‡§ú‡§æ‡§∞‡•Ä ‡§ï‡§ø‡§∏‡•Ä ‡§≠‡•Ä ‡§≠‡§ú‡§® ‡§ï‡•Ä Quality ‡§™‡•á ‡§ï‡•ã‡§à ‡§∂‡§ï ‡§®‡§π‡•Ä ‡§ï‡§ø‡§Ø‡§æ ‡§ú‡§æ ‡§∏‡§ï‡§§‡§æ‡•§ ‡§ú‡§Ø ‡§∂‡•ç‡§∞‡•Ä ‡§∞‡§æ‡§Æ....,17,1 year ago
"Today I listen my eyes filled with tears ...,.Ô∏è",,3 weeks ago
This song is included in my daily routine,,1 month ago
Jai shree Ram ,,5 days ago
JAI SHREE RAM Ô∏è JAI SIYA RAM BHAKT HANUMAN JI Ô∏è,,1 month ago
Ram se bada koi nam nahi our Hanuman se bada koi  bhakt nahiJay sree ram,,6 days ago
Dil khush ho gaya hai ye song sunkar  Jai shree Ram ,12,10 months ago
This is song is not only a song its an emotion Ô∏è......when sachet sung the line RAM SIYA RAM...OHH.. GOOSEBUMPS MOMENT Ô∏è,,2 weeks ago
I hear this song 50+ times,,3 weeks ago (edited)
‡§ú‡§Ø ‡§∂‡•ç‡§∞‡•Ä ‡§∏‡§ø‡§Ø‡§æ‡§∞‡§æ‡§Æ ‡§ú‡•ÄÔ∏è ‡§ú‡§Ø ‡§∂‡•ç‡§∞‡•Ä ‡§ó‡•å‡§∞‡•Ä‡§∂‡§Ç‡§ï‡§∞ ‡§ú‡•Ä Ô∏è,,6 days ago
Such a peace maker song ,343,6 days ago
"‡§ú‡§Ø ‡§∂‡•ç‡§∞‡•Ä ‡§∞‡§æ‡§Æ
‡§ú‡§Ø ‡§¨‡§ú‡§∞‡§Ç‡§ó ‡§¨‡§≤‡•Ä",,8 days ago
I proud feel because I born in Ayodhya jai Shree Ram  ,,1 year ago
Now I am addicted this songÔ∏è,,4 weeks ago
"Whenever i watch this i cry with love, happiness and bhakti",9,2 weeks ago
Jai shree ram ki ,,6 days ago
"Such a beautiful song! I have been sleeping to it for last 2 3 days and it really helps. Many a times my eyes get watery listening and feeling this song.
PS - While trying to sleep, I play this song on loop on spotify and add a sleep timer, I came to youtube just to leave this comments.",,1 month ago
Ô∏èram siya ram siya ram jai jai ramÔ∏è,,9 days ago
‡•ê...‡§Ø‡•á ‡§π‡•à ‡§Æ‡•á‡§∞‡§æ ‡§π‡§ø‡§Ç‡§¶‡•Å‡§§‡•ç‡§µ.. ‡§ï‡§ø‡§§‡§®‡•Ä ‡§∏‡§π‡§ú‡§§‡§æ ‡§∏‡•á ‡§∂‡§¨‡•ç‡§¶‡•ã‡§Ç ‡§Æ‡•á‡§Ç ‡§™‡•ç‡§∞‡§≠‡•Å ‡§™‡•ç‡§∞‡•á‡§Æ ‡§™‡§ø‡§∞‡•ã‡§Ø‡§æ ‡§ó‡§Ø‡§æ ‡§π‡•à‡•§ ‡•ê,5,1 year ago
"Goosebumps..Immediate reaction, moment she touches the feet of SiyaRam, BajrangBali comes in action  we need same thing in today's lifetime..",,3 weeks ago (edited)
"Soo beautiful ,peaceful nd filling relaxing song......",,1 month ago
‡§ú‡§Ø ‡§∂‡•ç‡§∞‡•Ä ‡§∞‡§æ‡§Æ,,8 days ago
"Mere tan man dhadkan me siya ram ram hai 
 man mandir ke darpan me siya ram ram hai 
This line gives me goosebumps ",833,2 days ago (edited)
‡§ú‡§Ø ‡§∂‡•ç‡§∞‡•Ä ‡§∞‡§æ‡§Æ,,9 days ago
"My mummy is covid positive and admitted in hospital.
Vinti hai Bhagwan RAM mummy ko jald thik karen aur wo jald hi Ghar aa jaayen",,1 year ago
First time i listened this song. really i can't express that how beautiful Bhajan it is. if i listen this Bhajan 1K time it will less. thank you so much to Sachet tondon and his all the team members who acted and sang this song. Lord Shri Ram Ji Always bless you.,,1 month ago (edited)
‡§ó‡•Ä‡§§‡§æ ‡§∏‡•á ‡§ú‡•ç‡§û‡§æ‡§® ‡§Æ‡§ø‡§≤‡§æ !!  ‡§∞‡§æ‡§Æ‡§æ‡§Ø‡§£ ‡§∏‡•á ‡§∞‡§æ‡§Æ ‡§Æ‡§ø‡§≤‡•á !! ‡§≠‡§æ‡§ó‡•ç‡§Ø ‡§∏‡•á ‡§π‡§ø‡§Ç‡§¶‡•Ç ‡§ß‡§∞‡•ç‡§Æ ‡§Æ‡§ø‡§≤‡§æ !! ‡§ï‡§ø‡§∏‡•ç‡§Æ‡§§ ‡§∏‡•á ‡§π‡§ø‡§Ç‡§¶‡•Å‡§∏‡•ç‡§§‡§æ‡§® ‡§Æ‡§ø‡§≤‡§æ !!   ‡§ú‡§Ø ‡§∏‡§ø‡§Ø‡§æ‡§∞‡§æ‡§Æ.,3,4 days ago
My favourite song,,6 days ago
This song made me realise that as a human I am so imperfect. This song gives me strength to explore the real meaning of human life and devote it by abiding the principles of lord Ram and Hanuman,,4 weeks ago
Jai shree ram ,,9 days ago
"Touch my üáßüá©
Jay shree ram",5,1 year ago (edited)
This song deserve billion views  Jai Shree RamÔ∏èÔ∏èÔ∏èÔ∏è,,4 weeks ago
"Whoever‚Äôs reading this, I pray that whatever your going through gets better and whatever your struggling with or worrying about is going to be fine and that everyone has a fantastic day!",,4 days ago
‡§ú‡§Ø ‡§∂‡•ç‡§∞‡•Ä ‡§∞‡§æ‡§Æ,,6 days ago
Spiritual knowledge is the highest form of enlightenment Ô∏è,372,2 weeks ago
‡§ú‡§Ø ‡§∂‡•ç‡§∞‡•Ä ‡§∞‡§æ‡§Æ,,6 days ago
I am Muslim but i can't stop watching it's amazing Ô∏èÔ∏è,12,1 year ago
I like this song very much because my favorite singer sachet is singing Ô∏èÔ∏è,,2 weeks ago
I really don't know why i came here for listening this amazing song Ô∏è. Jai shree ram ,11,1 month ago
Ram Siya Ram Siya Ram jai jai Raam ,,8 days ago
Jai Shree Ram Ô∏èÔ∏èÔ∏èÔ∏èÔ∏èÔ∏èÔ∏èÔ∏èÔ∏èÔ∏èÔ∏èÔ∏èÔ∏è,,6 days ago
I lost my lovely  grandfather on my birthday but when I listen this song there are tears in my eyes for losing my lovely grandfather whom I love most,,1 day ago
Very nice song,3,5 days ago
"Real identity of T-series.... 
Jai shree Ram
Jai Sanatan Dharma love from Bangladesh Ô∏èÔ∏èüáßüá©",,8 months ago
Hard touching song Ô∏èÔ∏è,,2 weeks ago
Sachet Tandon bro your voice is so clear and pure you literally made me cry with your pure and divine voice. Love towards God can be felt from your voice. Please sing more of such songs Ô∏è,,1 month ago
"Such a beautiful song! I have been sleeping to it for last 2 3 days and it really helps. Many a times my eyes get watery listening and feeling this song.
PS - While trying to sleep, I play this song on loop on spotify and add a sleep timer, I came to youtube just to leave this comments. 3:30",351,1 month ago
‡§Ø‡•á ‡§ß‡•Å‡§® ‡§Æ‡•á‡§∞‡•á ‡§∞‡•ã‡§Æ ‡§∞‡•ã‡§Æ ‡§ï‡•ã ‡§Ü‡§®‡§Ç‡§¶‡§ø‡§§ ‡§ï‡§∞ ‡§¶‡•á‡§§‡•Ä ‡§π‡•à,,9 days ago
"""RAM SIYA RAM"" line brings goosebumps ",3,1 year ago
One salute to Shabbir Ahmed who wrote the lyrics!! ü´°,,3 weeks ago
‡§á‡§∏ ‡§ó‡§æ‡§®‡§æ ‡§ï‡•ã ‡§∏‡•Å‡§®‡§ï‡§∞ ‡§Æ‡§® ‡§ï‡•ã ‡§∂‡§æ‡§Ç‡§§‡§ø ‡§Æ‡§ø‡§≤‡§§‡§æ ‡§π‡•à ‡§ú‡§Ø ‡§∂‡•ç‡§∞‡•Ä ‡§∞‡§æ‡§Æ ‡§∏‡•Ä‡§§‡§æ‡§∞‡§æ‡§Æ,5,9 days ago
Jay Shree Ram,,10 days ago
"‡§á‡§∏ ‡§≠‡§ú‡§® ‡§∏‡•á ‡§Ü‡§∏‡§™‡§æ‡§∏ ‡§ï‡§æ ‡§µ‡§æ‡§§‡§æ‡§µ‡§∞‡§£ ‡§≠‡§ï‡•ç‡§§‡§ø‡§Æ‡§Ø ‡§π‡•ã ‡§ú‡§æ‡§§‡§æ ‡§π‡•à ‡§Æ‡§® ‡§ï‡•ã ‡§∂‡§æ‡§Ç‡§§‡§ø ‡§Æ‡§ø‡§≤‡§§‡•Ä ‡§π‡•à‡•§
        ‡§ú‡§Ø ‡§ú‡§Ø ‡§∏‡§ø‡§Ø‡§æ‡§∞‡§æ‡§Æ ",,4 days ago
Jay Shree Ram,,9 days ago
"‡§á‡§§‡§®‡•Ä ‡§ñ‡•Å‡§¨‡§∏‡•Ç‡§∞‡§§ ‡§™‡§Ç‡§ï‡•ç‡§§‡§ø‡§Ø‡§æ ‡§π‡§Æ‡§æ‡§∞‡•á ‡§Æ‡•Å‡§∏‡•ç‡§≤‡§ø‡§Æ ‡§≠‡§æ‡§à ""‡§∂‡§æ‡§¨‡•Ä‡§∞ ‡§Ö‡§π‡§Æ‡§¶"" ‡§®‡•á ‡§≤‡§ø‡§ñ‡•Ä ‡§π‡•à‡•§‡§Ø‡§π‡•Ä ‡§§‡•ã ‡§π‡§Æ‡§æ‡§∞‡•á ‡§™‡•ç‡§Ø‡§æ‡§∞‡•á ‡§≠‡§æ‡§∞‡§§ ‡§ï‡§ø ‡§ñ‡•Å‡§¨‡§∏‡•Ç‡§∞‡§§‡•Ä ‡§π‡•à‡•§‡§ú‡§Ø ‡§π‡§ø‡§®‡•ç‡§¶",59,6 months ago
I'm Sikh but love this masterpiece Ô∏è,,1 day ago
"I don't know when I playing this Bhajan after finishing same bhajan is playing even YouTube showing another video after finishing of it. Ô∏èÔ∏èÔ∏èÔ∏è
What an Attachment for this Bhajan Even I didn't know ",,1 month ago
Jai Ho shree Seeta Ram ji ki Jai Ho ,,5 days ago
Love this song ,285,1 month ago
Jai siya ram ,,8 days ago
"This music was so good , finally T-Series came with such a good music like this Ô∏è

 ‡§ú‡§Ø ‡§∂‡•ç‡§∞‡•Ä ‡§∞‡§æ‡§Æ 
 ‡§ú‡§Ø ‡§∏‡§ø‡§Ø‡§æ ‡§∞‡§æ‡§Æ ",48,1 year ago
"No matter how old the song is, when Hindus Ô∏èare mentioned, it will go viral even after 10 years.",,3 weeks ago
"Its 4 am I have an exam in 3 hours and 3 presentations at school . I woke up because of my anxiety , but i started listening to this and started raining , I started to relax and have confidence on what i have studied . Wish me luck and Thank you for reading this .",2,4 days ago
Jay sri ram Jay sri ram,,5 days ago
I love this song  and jay shree ram ,,3 weeks ago
Joy sri ram,,8 days ago
"I am so so so lucky to born as Hindu , Ram Siya Ram Siya Ram Jai Jai Ram .",1,1 month ago
"Dear person who‚Äôs reading this, we may not know each other but I wish you all the best in life. Stop blaming yourself, accept things & move forward. Your smile is precious.  The key to happiness lies in your hands, so open it up. 
He, who can hold the universe together can do anything, trust him Ô∏è",,6 days ago
Jai shree ram  jai shree ram ji ke bhakt hanuman ji ,1,5 days ago
Broo Lyrics Shabbir Ahmed Hats Offf To This Legend  That's What We Called As Indian ,,1 month ago
Jai Shri ram muje bar bar sune ka man karta hai Jai Shri ram,1K,6 days ago
"Miss u gulshan kumar 
Aapki yaad aa gyi  
I dedicate this song to him
Ô∏èU",,1 year ago
"Such a beautiful song! I have been sleeping to it for last 2 3 days and it really helps. Many a times my eyes get watery listening and feeling this song.
PS - While trying to sleep, I play this song on loop on spotify and add a sleep timer, I came to youtube just to leave this comments.",2,1 month ago
"Jai shree Ram 
Din ban jaata hai is voice se",,1 month ago
Ram Siya ram Siya ram Jay Jay ram   Ô∏è ,14,10 days ago
Peaceful Ô∏è,,1 month ago
Jai shree ram ,,8 days ago
‡§¶‡•Å‡§®‡§ø‡§Ø‡§æ ‡§ï‡•Ä ‡§∏‡§æ‡§°‡§º‡•Ä ‡§ñ‡•Å‡§∂‡•Ä ‡§è‡§ï ‡§§‡§∞‡§´‡•§ ‡§î‡§∞ ‡§Ø‡•á ‡§≠‡§ú‡§® ‡§∏‡•Å‡§®‡§®‡•á ‡§ï‡•Ä ‡§ñ‡•Å‡§∂‡•Ä ‡§è‡§ï ‡§§‡§∞‡§´‡•§ ‡§¶‡§ø‡§≤ ‡§ï‡•ã ‡§Ö‡§≤‡§ó ‡§π‡•Ä ‡§∏‡•Å‡§ï‡•Å‡§® ‡§Æ‡§ø‡§≤‡§ü‡§æ ‡§π‡•à‡•§ ‡§ú‡§Ø ‡§∂‡•ç‡§∞‡•Ä ‡§∞‡§æ‡§Æ .,,1 month ago
‡§Ø‡§π ‡§≠‡§ú‡§® ‡§∏‡•Å‡§®‡§ï‡§∞ ‡§Æ‡§® ‡§§‡•ã ‡§∂‡§æ‡§Ç‡§§ ‡§π‡•ã ‡§π‡•Ä ‡§ú‡§æ‡§§‡§æ ‡§π‡•à ‡§î‡§∞ ‡§ï‡§æ‡§Æ ‡§ï‡§∞‡§®‡•á ‡§Æ‡•á‡§Ç ‡§Æ‡§® ‡§≠‡•Ä ‡§≤‡§ó‡§§‡§æ ‡§π‡•à ‡§ú‡§Ø ‡§∂‡•ç‡§∞‡•Ä ‡§∞‡§æ‡§Æ Ô∏èÔ∏èÔ∏è,1,2 days ago
This voice is so awesome Ô∏èÔ∏è,,1 month ago (edited)
Jai shree ram ji  jai  shree ram ji ke bhakt hanuman ji ,,9 days ago
Example of true love = siya ram Ô∏è,,1 month ago
Joy shre ram Ô∏èÔ∏èÔ∏è,362,7 days ago
Goosebumps came out when little hanumanaji showed his gda,,1 year ago
"Such a beautiful song! I have been sleeping to it for last 2 3 days and it really helps. Many a times my eyes get watery listening and feeling this song.
PS - While trying to sleep, I play this song on loop on spotify and add a sleep timer, I came to youtube just to leave this comments.",3,1 month ago
Epic song never get old,,1 month ago
Jaii ramÔ∏è,4,6 days ago
‡§Æ‡•á‡§∞‡•á ‡§Æ‡§® ‡§Æ‡•á‡§Ç ‡§ú‡§¨ ‡§≠‡•Ä ‡§ï‡•ã‡§à ‡§π‡§≤‡§ö‡§≤ ‡§π‡•ã‡§§‡•Ä ‡§π‡•à ‡§§‡§¨ ‡§Æ‡•à‡§Ç ‡§Ø‡§π‡•Ä ‡§≠‡§ú‡§® ‡§∏‡•Å‡§®‡§®‡•á ‡§Ü ‡§ú‡§æ‡§§‡§æ ‡§π‡•Ç‡§Ç ‡§á‡§∏‡•á ‡§∏‡•Å‡§®‡§ï‡§∞ ‡§Æ‡•á‡§∞‡•á ‡§Æ‡§® ‡§ï‡•ã ‡§∂‡§æ‡§Ç‡§§‡§ø ‡§Æ‡§ø‡§≤‡§§‡•Ä ‡§π‡•à ‡§ú‡§Ø ‡§∏‡§ø‡§Ø‡§æ‡§∞‡§æ‡§Æ,,1 day ago
Jay shri ram,4,6 days ago
Masha Allah Kitna khubshurat pyari aawaj h sunke Dil ko sukun mil rha h wow NYC Ô∏èÔ∏èÔ∏è,,1 month ago
"This is a Masterpiece song
Love from West Bengal
Jai sri  Ram ",,3 weeks ago
I listen to this bhajan everyday in the morning and evening. Ô∏èÔ∏èJay Shree Ram ,,23 hours ago
Jai shree ram,566,8 days ago
"Ram is not a name 
It's just emotions ",,3 days ago
WANDER FULL SONG MONING WHEN I SIEEP  OUT I AM PLAY THIS SONG THE SONG IS LOVLY ND I FEEL THIS SONG,,3 days ago
Gita se mila gyan Ramayan se mile Shri ram Kismat se mila Hindustan .......bolo siya ram chandra ki jai....,,3 months ago
"Such a beautiful song! I have been sleeping to it for last 2 3 days and it really helps. Many a times my eyes get watery listening and feeling this song.
PS - While trying to sleep, I play this song on loop on spotify and add a sleep timer, I came to youtube just to leave this comments. 2 :57",38,1 month ago
Meri din ke suruaat hoti h ye bhajan sun kr jai sri ram i proud of my sanaatan dharm ,,1 month ago (edited)
Jai shree Ram ,1,2 days ago
‡§Ö‡§¶‡•ç‡§≠‡•Å‡§§  ‡§Ü‡§Ç‡§ñ‡•ã‡§Ç ‡§∏‡•á ‡§Ü‡§∏‡•Ç ‡§Ü ‡§ó‡§Ø‡§æ  ‡§ú‡§Ø ‡§∂‡•ç‡§∞‡•Ä ‡§∞‡§æ‡§Æ ,,1 month ago
Jay shri ram,,7 days ago
So satisfying ..... Sochta hu yeh song chalta hi rhe kabhi khtam hi na ho ...ram siya ram siya ram jai jai ram ,,1 year ago
Am listening this song every morning nd this will give me positive Vibes,,1 month ago (edited)
JAI SHREE RAM Ô∏è JAI SIYA RAM BHAKT HANUMAN JI Ô∏è,,1 month ago
Jai shri raam....!!,298,6 days ago
JAI SHREE RAM Ô∏è JAI SIYA RAM BHAKT HANUMAN JI Ô∏è,,1 month ago
Jay shree ram,11,7 days ago
"Love this Bhajan. 
Jay siyaraam
Jay jagannath. ‡¨ú‡≠ü ‡¨ú‡¨ó‡¨®‡≠ç‡¨®‡¨æ‡¨• ",,9 months ago
JAI SHREE RAM Ô∏è JAI SIYA RAM BHAKT HANUMAN JI Ô∏è,31,1 month ago
Mere aankh se aanshu aa gye Ô∏èÔ∏èÔ∏è,,2 weeks ago
 ‡§ú‡§Ø ‡§∏‡§ø‡§Ø‡§æ‡§∞‡§æ‡§Æ ,,10 days ago
This song give me complete peace of mind. I listen this song again and again.,,3 weeks ago
Good music,,7 days ago
"Ram is not just a word , it's a feeling and great emotion..... Jai Shree Ram ",,1 year ago (edited)
this song is addictive.......... JAI SHREE RAM,,3 weeks ago (edited)
Heart touching song...Ô∏è,,1 month ago
‡§ú‡§Ø ‡§ú‡§Ø ‡§∂‡•ç‡§∞‡•Ä ‡§∞‡§æ‡§ß‡•á,890,5 days ago
 jai Ram siya ram man itna pyra song Goosebumps a jate hai Ô∏èÔ∏èÔ∏èÔ∏èÔ∏èÔ∏è,,1 month ago
Jay shree ram,5,6 days ago
Jai Shree Ram Ô∏èüáÆüá≥,,3 weeks ago
JAI SHREE RAM Ô∏è JAI SIYA RAM BHAKT HANUMAN JI Ô∏è,,2 weeks ago
JAI SHREE RAM Ô∏è JAI SIYA RAM BHAKT HANUMAN JI Ô∏è,,13 days ago
Jay shree Ram,3,8 days ago
JAI SHREE RAM Ô∏è JAI SIYA RAM BHAKT HANUMAN JI Ô∏è,,1 month ago
Jay shree Ram,1,7 days ago
Jay Siya Ram,,1 year ago
JAI SHREE RAM Ô∏è JAI SIYA RAM BHAKT HANUMAN JI Ô∏è,1,1 month ago
JAI SHREE RAM Ô∏è JAI SIYA RAM BHAKT HANUMAN JI Ô∏è,,2 weeks ago
Jai shree ram jai maa sita jai baba laxman jai bajrangbali,,5 days ago
JAI SHREE RAM Ô∏è JAI SIYA RAM BHAKT HANUMAN JI Ô∏è,,1 month ago
Jay shree Ram,304,6 days ago
"Don't know why but my eyes got tears after listening this
Ram Siya Ram Siya Ram Jai Jai Ram",,10 months ago
JAI SHREE RAM Ô∏è JAI SIYA RAM BHAKT HANUMAN JI Ô∏è,1,4 weeks ago
I am proud of to be a sanatani Jay shri ram,,9 days ago
Jay shree Ram,,7 days ago
JAI SHREE RAM Ô∏è JAI SIYA RAM BHAKT HANUMAN JI Ô∏è,,4 weeks ago
Ram siya Ram Siya joy joy,,7 days ago
Aankho me aansu aa gaye Jay Shree Ram ,,1 year ago
JAI SHREE RAM Ô∏è JAI SIYA RAM BHAKT HANUMAN JI Ô∏è,16,4 weeks ago
JAI SHREE RAM Ô∏è JAI SIYA RAM BHAKT HANUMAN JI Ô∏è,,3 weeks ago
Jai shree ram ,,4 days ago
JAI SHREE RAM Ô∏è JAI SIYA RAM BHAKT HANUMAN JI Ô∏è,,1 month ago
Jai shita Ram ,727,7 days ago
"That's what our religion always taught us that is ""Honesty""
Really appreciate such T-Series initiateÔ∏è",,1 year ago
LYRICS BY SABBIR AHMED... THAT'S MY INDIAÔ∏è...WHAT A LYRICS & SINGING...Ô∏èÔ∏è,1,3 weeks ago (edited)
RAM SHREE RAM Ô∏è JAI SIYA RAM BHAKT HANUMAN JI Ô∏è,,1 month ago
Jai shree ram,2,1 day ago
JAI SHREE RAM Ô∏è JAI SIYA RAM BHAKT HANUMAN JI Ô∏è,,8 days ago (edited)
Jai shree ram ji  jai shree ram  ji ke bhakt hanuman ji ,,20 hours ago
I am from America üá∫üá∏ and I born in India and I listing this song first time this song touching my heart,,6 months ago
JAI SHREE RAM Ô∏è JAI SIYA RAM BHAKT HANUMAN JI Ô∏è,5,1 month ago
This Song Deserve 1B Views,,1 month ago
Ram ji ,,5 days ago
JAI SHREE RAM Ô∏è JAI SIYA RAM BHAKT HANUMAN JI Ô∏è,,1 month ago
"Sunke Dil ko sukoon milta hai jo nam
Maryada purushottam Hai Shri Ram",701,9 days ago
‡§Æ‡•Å‡§ù‡•á ‡§Ø‡•á ‡§≠‡§ú‡§® ‡§¨‡§π‡•Å‡§§ ‡§™‡§∏‡§Ç‡§¶ ‡§π‡•à ‡§∏‡§ö ‡§Æ‡•á ‡§Æ‡§® ‡§ï‡•ã ‡§õ‡•Ç ‡§≤‡§ø‡§Ø‡§æ ‡§è‡§ï ‡§¨‡§æ‡§∞ ‡§ú‡§¨ ‡§∏‡•Å‡§®‡§æ...‡§Æ‡§® ‡§®‡•á ‡§ï‡§ø‡§Ø‡§æ ‡§¨‡§æ‡§∞ ‡§¨‡§æ‡§∞ ‡§∏‡•Å‡§®‡•á...Ô∏è‡§∏‡•Ä‡§§‡§æ ‡§∞‡§æ‡§Æ ‡§ú‡•Ä ‡§∏‡§¨‡§ï‡•Ä ‡§∞‡§ï‡•ç‡§∑‡§æ ‡§ï‡§∞‡•á‡§Ç...Ô∏èjay shree Raam ,,10 months ago
"3:03 Such a beautiful song! I have been sleeping to it for last 2 3 days and it really helps. Many a times my eyes get watery listening and feeling this song.
PS - While trying to sleep, I play this song on loop on spotify and add a sleep timer, I came to youtube just to leave this comments.",4,1 month ago
One of the fav. Song in the world for me Jai SiyaRam,,1 month ago
"Billion views ‡§§‡§ï ‡§™‡§π‡•Å‡§Ç‡§ö‡§æ‡§®‡•á ‡§ï‡•Ä ‡§ú‡§ø‡§Æ‡•ç‡§Æ‡•á‡§¶‡§æ‡§∞‡•Ä ‡§π‡§Æ‡§æ‡§∞‡•Ä‡•§
                                  ‡§ú‡§Ø ‡§∂‡•ç‡§∞‡•Ä ‡§∞‡§æ‡§Æ",6,6 days ago
I am very lucky to be born in a Hindu family and I can proudly say that I am a Hindu Ô∏èÔ∏èÔ∏èÔ∏è,,3 weeks ago
‡§ú‡§Ø ‡§∂‡•ç‡§∞‡•Ä‡§∞‡§æ‡§Æ nice song,,7 days ago
Hav heard almost 50 times still can't get over from this song  Hey Ram ,,1 year ago
‡§∂‡•ç‡§∞‡§æ‡§¶‡•ç‡§ß ‡§î‡§∞ ‡§≠‡§ï‡•ç‡§§‡§ø ‡§∏‡•á ‡§¨‡•ú‡§æ ‡§ï‡•ã‡§à ‡§®‡§π‡•Ä ‡§π‡•ã ‡§∏‡§ï‡§§‡§æ  ‡§Ü‡§™‡§®‡•á ‡§≠‡§ó‡§µ‡§æ‡§® ‡§™‡§∞ ‡§Ö‡§ü‡•Å‡§ü ‡§µ‡§ø‡§∂‡•ç‡§µ‡§æ‡§∏ ‡§∞‡§ñ‡§ø‡§Ø‡•á  ‡§ú‡§Ø ‡§∏‡§ø‡§Ø‡§æ ‡§∞‡§æ‡§Æ,,1 month ago
JAY SHREE RAM Ô∏è,,1 month ago
Jai shree Ram Ô∏èÔ∏èÔ∏è Jai shree Bajrang Balaji Maharaj Ji Ô∏èÔ∏èÔ∏è,,8 days ago
You are in my life that can give what I deserve god jai siya ram ,,6 days ago
Jai Shree ram,232,10 days ago
"Ram is not just a word , it's an emotion and fellings of all Indian people .Jay Sri Ram",,1 year ago
"What a great song 
What a great voice of singer 
Jai shree ram 
Lovely great song",49,1 month ago
After so many years finally T-Series present a heart touching song Ô∏èÔ∏è,,4 weeks ago
"Ram shiya Ram shiya Ram shiya Ram Jai Ram Ram 
Jai shree Ram Ô∏èÔ∏è",4,5 days ago
Everyday  from morning  to midnight  I listen  this really  feeling  good.....RAAM JAI JAI RAAM,,4 weeks ago
Jay shree ram ,2,8 days ago
"I get tears in my eyes everytime I listen to  the word  ‡§∞‡§æ‡§Æ
 ‡§ú‡§Ø ‡§∂‡•ç‡§∞‡•Ä ‡§∞‡§æ‡§Æ‡•§",,1 year ago (edited)
JAI SHREE RAM  JAI SIYA RAM BHAKT HANUMAN JI Ô∏è,56,6 days ago
I am in love with this song. it provides a kind of peaceful sansation in mind and heart. ,,1 month ago
Ô∏èÔ∏èJai siya Ram ,,5 days ago
Now this time early morning I am enjoying bhagwan Sri Ram ji presenting here and blessing me.,,3 weeks ago
Jay siyaram Ô∏èÔ∏èÔ∏èÔ∏èÔ∏è,66,6 days ago
"Lyrics is written by Sabbir Ahmed..... So many years after Independence, our Muslim is also understanding difference between religion and culture ",,1 year ago
Jai Shree ram,12,6 days ago
